epoch,accuracy,epoch_time,learning_rate,loss,precision,recall,val_accuracy,val_loss,val_precision,val_recall
0,0.5578590035438538,105.23066639900208,0.05000000074505806,0.6880138516426086,0.4135338366031647,0.04782608523964882,0.5666917562484741,0.6859521269798279,0.0,0.0
1,0.5561628341674805,106.87441492080688,0.05000000074505806,0.6870097517967224,0.4334140419960022,0.07782609015703201,0.5666917562484741,0.6793588399887085,0.0,0.0
2,0.5704862475395203,106.17174363136292,0.05000000074505806,0.682683527469635,0.5132075548171997,0.17739130556583405,0.5666917562484741,0.6872503161430359,0.0,0.0
3,0.6098756194114685,106.13518071174622,0.05000000074505806,0.6644191145896912,0.5786593556404114,0.36782607436180115,0.5666917562484741,0.6114464402198792,0.0,0.0
4,0.6432340741157532,105.9784882068634,0.05000000074505806,0.63364577293396,0.6080722212791443,0.49782609939575195,0.688771665096283,0.575741171836853,0.5882353186607361,0.939130425453186
