epoch,accuracy,epoch_time,learning_rate,loss,precision,recall,val_accuracy,val_loss,val_precision,val_recall
0,0.5589898228645325,126.9324369430542,0.05000000074505806,0.6876124739646912,0.443502813577652,0.06826087087392807,0.43858328461647034,106.3932876586914,0.4334898293018341,0.9634782671928406
1,0.5625706911087036,126.65758013725281,0.05000000074505806,0.6877431273460388,0.40707963705062866,0.019999999552965164,0.43858328461647034,104.88152313232422,0.43338558077812195,0.9617391228675842
2,0.5612514019012451,126.61533331871033,0.05000000074505806,0.6873952746391296,0.446153849363327,0.05043478310108185,0.4393368363380432,108.35553741455078,0.4341387450695038,0.9686956405639648
3,0.5588013529777527,126.3699119091034,0.05000000074505806,0.6869333386421204,0.39593908190727234,0.03391304239630699,0.4370761215686798,106.69435119628906,0.43281251192092896,0.9634782671928406
4,0.5614398717880249,126.62582612037659,0.05000000074505806,0.6874162554740906,0.4372093081474304,0.040869563817977905,0.4400904178619385,110.68914031982422,0.4346811771392822,0.9721739292144775
5,0.5569167137145996,127.67789149284363,0.05000000074505806,0.6864399909973145,0.41693809628486633,0.05565217509865761,0.43858328461647034,108.72640228271484,0.43369734287261963,0.9669564962387085
6,0.5612514019012451,127.50831818580627,0.05000000074505806,0.6876532435417175,0.42391303181648254,0.03391304239630699,0.43632254004478455,110.24575805664062,0.4328937232494354,0.9704347848892212
